Year,Month,Day,Actual Sales,Predicted Sales
2015,9,15,46.384,234.03457745139258
2014,11,3,783.96,234.89930817625827
2016,4,14,383.8,226.8061988227746
2014,1,19,32.34,234.116756202322
2016,4,13,6.12,226.4618795917877
2014,11,19,166.44,240.4084158720525
2017,4,28,28.08,227.8884384938301
2017,12,26,750.68,232.23312776763942
2014,5,22,44.95,237.66637776317566
2016,6,5,124.608,224.96565767783613
2016,4,22,2.88,229.56075267067172
2015,7,11,716.0,231.39896859349756
2016,11,21,127.554,233.62059520849652
2017,6,13,47.984,223.98198196296835
2014,7,11,49.12,235.13719815626337
2015,10,2,57.504,230.18759341553232
2017,1,19,429.6,222.90206751402548
2016,12,15,19.44,232.18384578954556
2015,1,26,182.72,232.7887612564664
2015,12,24,72.704,239.0209484311963
2015,9,15,15.712,234.03457745139258
2014,6,30,2.688,241.05009757804692
2016,6,12,16.74,227.37589229474634
2015,9,7,90.0,231.28002360349547
2015,9,8,26.4,231.62434283448238
2014,2,14,239.97,233.02432601435976
2015,11,28,647.904,239.76905938817163
2016,5,26,45.36,231.5671955615935
2016,8,22,134.288,232.07741653856374
2014,7,14,17.94,236.170155849225
2017,10,20,6.672,228.90888044777057
2016,5,31,32.064,233.2887917165299
2017,3,26,257.568,226.57063406488214
2017,9,13,15.92,225.86947986388805
2017,11,21,39.296,229.88236564573072
2017,7,25,20.736,228.74297870178725
2014,1,16,18.588,233.08379850936126
2017,1,15,62.592,221.52479059007692
2014,12,20,447.944,241.38190107001265
2017,11,11,25.5,226.43917333585887
2016,11,12,110.096,230.5217221296116
2015,4,7,22.58,228.1341937686302
2015,8,31,20.96,238.91451918021448
2017,10,28,24.0,231.66343429566768
2014,12,1,674.058,234.83983568125586
2016,6,15,173.488,228.40884998770798
2014,4,13,30.992,233.9383387173184
2015,8,16,1879.96,233.74973071540717
2017,10,2,56.98,222.7111342900016
2015,10,25,79.36,238.10693572823675
2015,5,21,24.588,233.58382896942385
2015,8,31,239.976,238.91451918021448
2017,4,3,7.056,219.28045771915095
2016,3,24,301.47,229.62022516567413
2017,2,16,579.51,222.49827578803797
2016,11,4,876.3,227.76716828171448
2017,6,5,470.376,221.22742811507032
2016,9,5,93.456,226.85315557875492
2014,6,21,284.82,237.95122449916198
2017,9,8,45.92,224.14788370895167
2014,12,29,21.12,244.48077414889667
2015,8,10,29.79,231.68381532948388
2016,1,11,54.992,223.88574322889417
2016,11,13,36.63,230.8660413605994
2014,5,30,355.455,240.42093161107368
2016,9,23,4.08,233.0509017365248
2017,12,28,27.168,232.92176622961415
2017,4,21,2.694,225.4782038769199
2014,5,7,8.64,232.50158929836834
2016,6,16,9.45,228.7531692186958
2015,7,27,29.97,236.9080762892927
2017,5,11,5.248,222.6641775340213
2016,10,13,76.176,230.23687539362618
2015,12,10,1.78,234.2004791973759
2014,12,31,1687.8,245.1694126108714
2015,4,7,11.736,228.1341937686302
2014,11,11,559.984,237.6538620241554
2015,10,19,270.0,236.04102034231346
2014,11,19,221.16,240.4084158720525
2017,5,19,286.93,225.4187313819184
2015,3,26,74.352,234.04709319041285
2017,2,4,32.67,218.3664450161914
2017,12,22,411.8,230.85585084369086
2014,6,30,6.6,241.05009757804692
2017,4,8,56.28,221.0020538740864
2017,9,3,181.764,222.4262875540162
2016,4,19,71.96,228.52779497771007
2015,3,8,19.44,227.8493470326439
2016,12,19,1.8,233.56112271349411
2015,10,3,120.666,230.53191264651923
2014,9,21,19.35,239.83872240008077
2016,5,17,14.62,228.46832248270948
2017,10,8,103.192,224.777049675924
2014,7,20,104.85,238.2360712351483
2017,5,22,22.344,226.45168907488005
2014,11,17,7.08,239.71977741007868
2014,3,28,1184.72,238.4739612151534
2017,6,26,272.94,228.45813196580093
2014,9,25,3.264,241.21599932402933
2017,5,6,11.06,220.94258137908582
2016,9,10,67.56,228.5747517336913
2014,12,23,424.272,242.4148587629743
2016,6,20,161.568,230.13044614264436
2017,2,16,14.99,222.49827578803797
2017,5,12,127.92,223.0084967650082
2017,5,14,261.96,223.69713522698294
2017,12,16,10.8,228.78993545776848
2015,9,26,45.894,237.82208899225134
2014,4,5,52.096,231.18378486942038
2017,12,8,87.92,226.03538160987046
2014,4,5,22.96,231.18378486942038
2016,7,22,86.2,231.44825057159142
2015,12,27,4.728,240.05390612415795
2015,12,20,159.984,237.64367150724775
2017,8,20,35.96,227.65054851382502
2017,11,21,8.448,229.88236564573072
2016,5,14,30.192,227.43536478974784
2017,10,2,2314.116,222.7111342900016
2016,9,10,59.48,228.5747517336913
2015,10,2,270.34,230.18759341553232
2016,6,24,4476.8,231.50772306659292
2017,10,23,823.96,229.94183814073222
2014,6,9,7.28,233.8193937273163
2017,12,10,12.96,226.7240200718452
2016,11,24,6.48,234.65355290145817
2014,12,6,35.04,236.56143183619224
2017,9,7,80.96,223.80356447796476
2017,4,28,6.848,227.8884384938301
2017,8,5,13.76,222.4857600490168
2016,9,19,249.95,231.67362481257533
2016,5,2,90.48,223.30353401790217
2014,2,11,60.89,231.9913683213981
2017,12,29,1207.84,233.26608546060106
2016,9,15,1128.39,230.29634788862677
2017,5,27,35.0,228.17328522981643
2014,2,22,19.44,235.77887986225687
2014,3,25,6.56,237.44100352219175
2017,1,24,110.352,224.62366366896185
2014,1,15,149.95,232.73947927837344
2016,9,26,12.96,234.08385942948553
2015,11,20,141.552,237.0145055402745
2016,8,6,70.88,226.5683088427695
2016,12,30,481.32,237.34863425435378
2014,4,6,154.764,231.5281041004082
2016,7,17,12.42,229.72665441665595
2014,9,1,31.104,232.95233778033707
2017,12,15,22.77,228.44561622678066
2016,11,24,207.76,234.65355290145817
2014,9,12,357.93,236.73984932119583
2016,11,6,238.56,228.4558067436892
2015,4,18,1.476,231.92170530948897
2016,10,13,727.45,230.23687539362618
2014,1,13,646.74,232.0508408163996
2016,9,20,98.392,232.01794404356315
2014,11,21,12.96,241.09705433402723
2014,1,13,333.999,232.0508408163996
2014,11,25,26.76,242.4743312579758
2017,7,18,9.184,226.33274408487705
2014,11,19,22.5,240.4084158720525
2016,9,5,23.472,226.85315557875492
2014,2,14,81.96,233.02432601435976
2014,12,20,155.12,241.38190107001265
2016,6,6,477.6,225.30997690882396
2014,10,10,15.28,236.68037682619524
2016,11,5,12.588,228.1114875127014
2016,5,27,25.176,231.91151479258133
2015,7,10,39.92,231.05464936251065
2016,8,26,8.26,233.4546934625123
2016,12,10,80.58,230.4622496346101
2017,11,18,38.864,228.84940795276907
2014,9,12,40.56,236.73984932119583
2017,12,11,116.312,227.0683393028321
2014,10,24,10.368,241.50084606001565
2016,8,12,1399.944,228.6342242286919
2016,3,9,51.8,224.4554367008668
2017,11,24,415.872,230.91532333869236
2015,12,18,18.432,236.955033045273
2014,10,3,15.072,234.27014220928504
2017,1,14,2.508,221.18047135909
2014,6,27,306.2,240.01713988508527
2017,12,3,83.92,224.313785454935
2017,11,4,523.764,224.02893871894867
2016,11,24,4.344,234.65355290145817
2017,12,8,28.35,226.03538160987046
2017,9,15,12.42,226.55811832586187
2017,9,25,269.97,230.00131063573372
2016,11,4,47.952,227.76716828171448
2014,6,9,907.152,233.8193937273163
2017,9,8,85.2,224.14788370895167
2014,10,28,7.184,242.8781229839642
2017,11,7,38.16,225.0618964119103
2017,4,30,43.372,228.57707695580484
2017,10,30,1702.12,232.35207275764242
2017,9,23,199.95,229.3126721737599
2016,9,5,82.8,226.85315557875492
2014,8,8,121.376,234.73340643027404
2017,9,15,99.3,226.55811832586187
2014,7,26,8.88,240.30198662107068
2015,3,23,33.36,233.01413549745212
2016,2,21,12.99,227.95810150573925
2017,8,21,33.18,227.99486774481193
2017,3,2,0.556,218.3069725211908
2017,4,3,25.472,219.28045771915095
2017,4,4,119.02,219.62477695013786
2014,5,20,38.52,236.97773930120184
2017,12,5,38.9,225.0024239169088
2014,11,4,35.34,235.24362740724519
2016,3,9,199.75,224.4554367008668
2017,7,27,26.2,229.43161716376198
2016,6,20,46.76,230.13044614264436
2015,11,30,17.088,240.45769785014636
2017,2,16,600.558,222.49827578803797
2014,9,26,310.12,241.56031855501624
2016,5,9,18.528,225.71376863481237
2015,9,10,361.96,232.3129812964571
2014,9,20,1349.91,239.49440316909386
2016,6,11,1.344,227.03157306375942
2016,2,19,70.88,227.26946304376452
2016,8,14,247.188,229.32286269066662
2015,9,28,4.512,238.51072745422607
2016,6,23,19.98,231.163403835606
2014,12,26,227.136,243.44781645593503
2016,8,30,37.764,234.83197038646176
2015,12,28,54.384,240.39822535514486
2016,10,8,61.96,228.5152792386898
2015,12,25,160.98,239.36526766218321
2017,1,12,9.78,220.49183289711527
2016,9,24,6.48,233.3952209675117
2016,12,12,383.64,231.1508880965839
2017,12,14,64.96,228.10129699579375
2015,11,1,503.96,230.47244015151773
2016,12,9,59.98,230.11793040362318
2015,1,9,106.32,226.93533432968525
2016,1,30,26.01,230.42780861765095
2017,5,27,31.44,228.17328522981643
2014,2,2,18.336,228.8924952425141
2017,5,26,23.08,227.8289659988286
2017,12,23,182.94,231.20017007467868
2017,10,5,61.96,223.74409198296235
2017,11,26,257.94,231.60396180066618
2014,10,14,79.45,238.0576537501438
2017,1,9,274.491,219.45887520415454
2014,10,31,49.25,243.91108067692585
2017,12,9,148.257,226.37970084085828
2014,2,7,115.36,230.61409139744956
2014,7,25,53.72,239.95766739008377
2016,4,16,9099.93,227.49483728474934
2015,3,22,105.52,232.6698162664643
2014,6,20,11.648,237.60690526817507
2015,12,4,110.352,232.1345638114526
2017,12,22,67.04,230.85585084369086
2016,8,22,98.328,232.07741653856374
2016,8,29,10.584,234.48765115547394
2016,9,5,194.94,226.85315557875492
2017,12,14,227.976,228.10129699579375
2015,8,25,105.96,236.8486037942912
2017,9,20,1299.66,228.27971448079825
2016,12,15,14.76,232.18384578954556
2016,6,17,319.41,229.09748844968271
2014,6,6,100.24,232.78643603435467
2017,7,21,8.8,227.3657017778387
2017,8,27,37.008,230.06078313073522
2017,12,2,45.66,223.96946622394807
2014,4,23,22.336,237.38153102719025
2016,6,4,11.688,224.62133844684922
2014,12,20,62.31,241.38190107001265
2014,11,26,14.94,242.8186504889627
2014,5,26,290.666,239.04365468712422
2017,11,4,4.928,224.02893871894867
2016,2,16,5.8,226.23650535080378
2015,5,31,15.75,237.0270212792957
2015,12,12,166.5,234.88911765934972
2016,3,13,23.16,225.83271362481537
2017,9,17,723.92,227.2467567878366
2015,12,14,8.096,235.57775612132446
2014,7,21,35.98,238.5803904661352
2015,4,17,323.37,231.57738607850206
2015,11,1,205.164,230.47244015151773
2014,2,6,144.95,230.26977216646264
2016,4,17,79.12,227.83915651573625
2015,7,13,9.96,232.0876070554723
2015,5,26,105.686,235.30542512435932
2016,8,8,10.56,227.25694730474333
2016,12,24,197.97,235.2827188684305
2017,12,17,24.816,229.1342546887554
2014,11,18,137.54,240.0640966410656
2016,6,12,115.02,227.37589229474634
2017,9,14,895.944,226.21379909487496
2015,10,12,19.9,233.63078572540326
2014,7,20,16.74,238.2360712351483
2015,6,26,332.94,235.93459109133164
2017,11,2,859.2,223.34030025697484
2016,10,10,16.392,229.20391770066453
2014,9,13,144.96,237.08416855218366
2014,9,13,79.4,237.08416855218366
2014,11,25,23.88,242.4743312579758
2015,9,17,6.588,234.7232159133673
2015,12,7,283.92,233.16752150441425
2017,8,21,17.12,227.99486774481193
2017,11,12,223.056,226.78349256684578
2016,6,26,22.14,232.19636152856674
2014,2,14,16.176,233.02432601435976
2014,12,5,98.376,236.21711260520442
2014,7,26,111.93,240.30198662107068
2014,10,4,29.24,234.61446144027195
2016,12,8,45.36,229.77361117263536
2017,5,6,68.541,220.94258137908582
2015,5,31,173.488,237.0270212792957
2016,3,8,108.576,224.111117469879
2014,4,30,826.0,239.79176564410045
2017,7,21,33.93,227.3657017778387
2016,11,14,89.97,231.21036059158632
2017,7,31,11.01,230.80889408771054
2017,6,11,61.44,223.29334350099361
2014,9,13,5.46,237.08416855218366
2015,9,13,170.072,233.34593898941876
2015,12,21,51.756,237.98799073823466
2014,11,24,151.72,242.13001202698888
2016,11,20,318.43,233.2762759775096
2016,1,22,26.336,227.67325476975293
2017,11,17,10499.97,228.50508872178216
2015,9,5,411.332,230.59138514152073
2016,7,22,965.85,231.44825057159142
2014,12,8,603.92,237.25007029816607
2017,3,27,600.558,226.91495329586996
2016,6,17,40.74,229.09748844968271
2016,12,6,249.584,229.08497271066153
2016,8,11,41.86,228.28990499770498
2017,3,26,53.25,226.57063406488214
2017,5,13,458.43,223.35281599599602
2016,5,28,286.4,232.25583402356824
2017,7,23,121.536,228.05434023981343
2017,7,21,14.94,227.3657017778387
2017,10,26,356.85,230.97479583369295
2016,4,21,15.48,229.2164334396848
2017,10,30,19.9,232.35207275764242
2016,4,15,1121.568,227.15051805376152
2014,10,31,64.74,243.91108067692585
2017,8,22,210.008,228.33918697579884
2016,12,6,19.44,229.08497271066153
2017,7,5,79.96,221.85659408204356
2016,6,5,61.38,224.96565767783613
2017,3,8,20.7,220.37288790711318
2016,4,7,3.64,224.3959642058644
2017,9,25,190.896,230.00131063573372
2017,9,15,47.4,226.55811832586187
2017,11,2,452.55,223.34030025697484
2017,3,17,10.272,223.47176098599812
2017,5,14,58.17,223.69713522698294
2017,12,21,124.36,230.51153161270395
2014,6,21,617.97,237.95122449916198
2017,12,28,25.9,232.92176622961415
2015,12,27,21.56,240.05390612415795
2017,9,5,147.184,223.11492601599002
2017,6,24,2.88,227.7694935038271
2017,9,24,15.57,229.6569914047468
2014,9,7,429.9,235.01825316626037
2017,2,17,57.594,222.84259501902488
2017,8,17,98.16,226.61759082086337
2017,5,5,9.552,220.598262148098
2016,4,17,18.624,227.83915651573625
2015,4,5,98.112,227.44555530665548
2014,6,8,68.48,233.4750744963285
2017,12,8,22.424,226.03538160987046
2017,9,3,284.97,222.4262875540162
2014,5,25,75.6,238.6993354561373
2016,2,3,866.4,221.7603553479703
2017,5,6,191.968,220.94258137908582
2014,8,5,340.144,233.7004487373124
2017,12,20,50.352,230.16721238171704
2016,11,6,88.768,228.4558067436892
2017,7,14,470.376,224.9554671609285
2017,7,1,443.92,220.479317158095
2014,10,18,545.88,239.43493067409236
2015,11,2,2621.322,230.81675938250555
2016,9,17,109.48,230.9849863506015
2014,10,14,269.9,238.0576537501438
2015,10,9,57.96,232.59782803244252
2016,6,12,11.264,227.37589229474634
2015,10,19,149.95,236.04102034231346
2014,9,14,11.07,237.42848778317057
2016,10,31,12.39,236.43462155139514
2014,12,19,1819.86,241.03758183902482
2016,11,13,24.88,230.8660413605994
2015,10,9,29.16,232.59782803244252
2015,11,8,4404.9,232.88267476842793
2015,12,20,359.058,237.64367150724775
2017,10,30,442.4,232.35207275764242
2016,7,14,41.86,228.6936967236943
2014,11,16,31.68,239.37545817909177
2017,5,27,539.97,228.17328522981643
2017,12,27,13.248,232.57744699862724
2016,11,3,43.32,227.42284905072756
2015,1,13,70.008,228.3126112536338
2017,12,1,79.12,223.62514699296025
2017,11,13,563.024,227.1278117978336
2014,1,7,76.728,229.98492543047632
2017,4,1,28.4,218.5918192571762
2016,11,20,122.92,233.2762759775096
2014,8,27,29.12,241.27547181903083
2017,10,27,6.576,231.31911506468077
2016,9,4,535.41,226.508836347768
2017,2,9,354.9,220.08804117112777
2016,11,28,347.802,236.03082982540673
2016,10,27,43.92,235.05734462744658
2017,9,14,74.352,226.21379909487496
2014,4,7,200.97,231.8724233313951
2016,12,11,30.98,230.806568865597
2015,6,12,43.296,231.11412185751124
2017,11,26,213.136,231.60396180066618
2015,9,24,1408.1,237.1334505302775
2017,6,19,24.56,226.04789734889073
2017,9,2,16.0,222.0819683230293
2014,3,29,890.841,238.8182804461403
2015,9,28,186.15,238.51072745422607
2017,9,3,90.801,222.4262875540162
2017,1,23,95.984,224.27934443797494
2016,8,22,3.318,232.07741653856374
2015,9,10,6.08,232.3129812964571
2016,8,27,11.68,233.79901269350012
2015,12,10,53.088,234.2004791973759
2017,11,6,127.372,224.7175771809234
2017,12,22,31.16,230.85585084369086
2014,8,26,3.38,240.931152588043
2014,10,28,616.998,242.8781229839642
2016,11,25,160.0,234.99787213244508
2017,9,12,8.36,225.52516063290022
2015,9,14,12.96,233.69025822040567
2014,9,15,103.936,237.77280701415748
2014,4,18,149.352,235.65993487225387
2017,9,7,455.712,223.80356447796476
2017,3,4,15.25,218.99561098316462
2016,7,14,110.376,228.6936967236943
2015,6,13,19.14,231.45844108849906
2017,7,10,18.84,223.57819023697994
2017,12,9,10.4,226.37970084085828
2017,11,12,10.56,226.78349256684578
2014,9,21,59.52,239.83872240008077
2014,9,1,53.94,232.95233778033707
2017,11,11,45.92,226.43917333585887
2014,8,29,29.808,241.96411028100465
2015,3,9,4.608,228.1936662636317
2016,7,29,2.214,233.85848518850162
2015,9,17,21.936,234.7232159133673
2014,12,2,60.72,235.18415491224368
2017,9,9,258.696,224.4922029399395
2016,4,24,258.696,230.24939113264645
2017,4,16,102.833,223.75660772198444
2014,12,29,23.976,244.48077414889667
2017,6,19,11.184,226.04789734889073
2017,7,21,6.48,227.3657017778387
2017,9,9,95.88,224.4922029399395
2014,2,11,51.9,231.9913683213981
2016,2,5,80.98,222.4489938099441
2017,5,4,183.96,220.2539429171111
2014,4,5,13.89,231.18378486942038
2014,1,30,229.94,237.90426774318166
2016,5,17,22.608,228.46832248270948
2014,12,12,210.392,238.62734722211462
2015,12,11,27.696,234.5447984283628
2016,3,12,12.96,225.48839439382755
2015,8,17,36.288,234.09404994639408
2017,10,21,683.952,229.25319967875748
2014,5,20,20.784,236.97773930120184
2017,5,28,271.968,228.51760446080334
2017,9,25,119.96,230.00131063573372
2017,6,3,384.768,220.5387896530965
2015,9,7,9.522,231.28002360349547
2014,4,11,217.44,233.24970025534367
2014,9,27,603.92,241.90463778600406
2015,9,5,16.27,230.59138514152073
2017,10,6,37.94,224.08841121395017
2016,11,20,7.068,233.2762759775096
2016,9,23,4.912,233.0509017365248
2015,4,11,52.76,229.51147069257877
2016,7,8,33.488,226.627781337771
2016,3,14,145.544,226.17703285580228
2015,11,8,17.94,232.88267476842793
2014,1,4,3.54,228.95196773751468
2017,9,24,15.75,229.6569914047468
2016,5,3,51.968,223.64785324888908
2015,3,1,58.72,225.4391124157337
2017,9,11,19.44,225.1808414019133
2017,1,30,12.74,226.68957905488514
2017,11,23,24.048,230.57100410770545
2014,4,2,177.68,230.15082717645964
2017,8,5,79.78,222.4857600490168
2015,11,13,115.296,234.6042709233643
2015,9,13,69.93,233.34593898941876
2014,8,27,22.72,241.27547181903083
2014,11,5,273.568,235.5879466382321
2017,12,17,13.23,229.1342546887554
2015,11,21,66.048,237.35882477126142
2017,4,1,23.976,218.5918192571762
2017,9,25,10.608,230.00131063573372
2017,3,2,196.776,218.3069725211908
2017,4,27,12.39,227.5441192628432
2017,9,12,45.78,225.52516063290022
2016,11,4,650.352,227.76716828171448
2016,11,3,217.584,227.42284905072756
2016,5,20,2.694,229.50128017567113
2014,5,10,349.965,233.53454699133
2017,3,20,265.93,224.50471867895976
2017,5,12,285.48,223.0084967650082
2014,3,2,36.4,229.52166120948732
2014,12,8,13.88,237.25007029816607
2015,9,18,18.54,235.06753514435422
2015,9,17,14.9,234.7232159133673
2017,10,13,10.476,226.49864583086037
2017,6,15,17.94,224.67062042494217
2014,9,14,601.3,237.42848778317057
2017,12,9,33.45,226.37970084085828
2016,1,8,108.784,222.85278553593253
2017,12,20,279.9,230.16721238171704
2015,12,31,60.64,241.4311830481065
2017,9,28,1.744,231.03426832869536
2014,12,12,764.688,238.62734722211462
2016,11,19,31.96,232.9319567465218
2016,8,27,79.92,233.79901269350012
2015,11,16,304.776,235.63722861632596
2017,7,8,75.18,222.8895517750052
2015,4,5,352.45,227.44555530665548
2014,11,22,9.96,241.44137356501415
2016,11,30,389.97,236.71946828738146
2014,10,21,409.59,240.467888367054
2014,4,7,58.32,231.8724233313951
2016,5,30,45.36,232.94447248554297
2014,7,14,41.584,236.170155849225
2014,12,5,17.472,236.21711260520442
2016,9,24,6.38,233.3952209675117
2014,11,7,683.144,236.27658510020683
2015,3,29,17.64,235.0800508833745
2016,9,4,63.94,226.508836347768
2014,9,17,5.892,238.4614454761322
2016,5,2,187.056,223.30353401790217
2016,9,12,15.136,229.26339019566512
2017,4,23,11.76,226.16684233889464
2015,9,11,8.64,232.65730052744402
2017,11,26,38.04,231.60396180066618
2015,3,19,383.4656,231.63685857350265
2017,8,10,70.08,224.20735620395317
2015,2,25,3.15,233.0736079924527
2016,5,14,43.6,227.43536478974784
2015,9,3,129.568,229.9027466795469
2017,10,5,5199.96,223.74409198296235
2016,4,8,17.92,224.7402834368513
2016,10,28,165.048,235.4016638584335
2015,12,18,20.736,236.955033045273
2015,12,25,414.96,239.36526766218321
2015,4,13,17.43,230.2001091545535
2017,12,13,31.44,227.75697776480683
2017,12,17,544.38,229.1342546887554
2016,12,9,60.34,230.11793040362318
2016,1,7,25.92,222.5084663049456
2015,4,26,50.352,234.67625915738608
2017,9,9,31.104,224.4922029399395
2014,11,3,25.984,234.89930817625827
2016,9,8,59.96,227.88611327171657
2015,4,17,62.296,231.57738607850206
2017,7,20,69.712,227.02138254685178
2015,4,13,239.976,230.2001091545535
2017,5,28,27.46,228.51760446080334
2016,5,1,3.984,222.95921478691434
2015,10,24,3.592,237.76261649724984
2014,12,8,10.368,237.25007029816607
2015,11,16,696.42,235.63722861632596
2014,3,3,626.352,229.86598044047423
2017,7,14,140.97,224.9554671609285
2015,12,22,422.625,238.33230996922157
2016,7,25,20.936,232.48120826455306
2014,11,23,21.84,241.78569279600197
2017,10,1,19.44,222.3668150590138
2016,11,10,13.216,229.83308366763777
2017,8,7,244.55,223.17439851099152
2015,3,22,447.944,232.6698162664643
2015,9,22,3.204,236.44481206830278
2017,9,2,12.192,222.0819683230293
2015,5,28,6.63,235.99406358633405
2017,6,13,291.136,223.98198196296835
2015,7,2,19.44,228.30009551461353
2017,12,10,45.84,226.7240200718452
2015,11,23,13.12,238.04746323323616
2014,11,7,74.352,236.27658510020683
2017,8,24,3.744,229.02782543777357
2017,11,11,1158.12,226.43917333585887
2016,9,1,468.9,225.47587865480637
2014,12,21,18.24,241.72622030099956
2017,9,14,113.372,226.21379909487496
2015,8,9,10.02,231.33949609849697
2016,3,20,16.821,228.24294824172557
2014,9,10,254.9,236.051210859222
2016,11,20,255.984,233.2762759775096
2017,7,23,41.4,228.05434023981343
2016,12,25,21.12,235.6270380994174
2014,1,3,16.448,228.60764850652777
2017,6,19,0.444,226.04789734889073
2014,6,1,1503.25,231.0648398794183
2014,4,11,758.352,233.24970025534367
2017,11,8,274.2,225.40621564289722
2016,4,17,36.792,227.83915651573625
2015,5,26,20.24,235.30542512435932
2017,5,18,302.94,225.0744121509315
2014,5,11,1212.96,233.8788662223169
2015,9,4,279.9,230.24706591053382
2017,9,11,1471.96,225.1808414019133
2017,1,19,542.94,222.90206751402548
2017,9,23,39.984,229.3126721737599
2016,8,23,1.98,232.42173576955156
2015,6,13,3.424,231.45844108849906
2014,3,1,362.25,229.1773419784995
2017,7,29,115.96,230.1202556257358
2016,6,14,39.936,228.06453075672107
2016,10,14,102.592,230.5811946246131
2014,9,23,83.984,240.5273608620555
2017,9,22,13.392,228.96835294277207
2016,3,13,41.24,225.83271362481537
2014,9,17,182.94,238.4614454761322
2016,5,5,246.168,224.3364917108629
2016,11,10,29.74,229.83308366763777
2015,3,30,180.96,235.42437011436232
2017,10,2,49.12,222.7111342900016
2014,6,9,7.992,233.8193937273163
2017,9,10,7.184,224.8365221709264
2014,11,12,2.672,237.9981812551423
2015,7,13,41.568,232.0876070554723
2017,11,16,1919.976,228.16076949079525
2017,12,28,4.28,232.92176622961415
2015,11,26,10.95,239.0804209261969
2017,12,22,1.641,230.85585084369086
2016,9,26,454.965,234.08385942948553
2017,4,30,62.96,228.57707695580484
2016,8,26,447.84,233.4546934625123
2016,11,20,944.93,233.2762759775096
2015,3,8,769.95,227.8493470326439
2015,11,8,11.82,232.88267476842793
2017,11,20,68.97,229.5380464147438
2016,12,1,179.97,227.36337655572515
2014,3,30,205.666,239.16259967712813
2014,6,23,86.376,238.6398629611367
2017,6,5,20.736,221.22742811507032
2014,12,23,56.52,242.4148587629743
2017,9,20,45.4,228.27971448079825
2017,3,27,11.94,226.91495329586996
2015,9,11,24.64,232.65730052744402
2014,11,11,3.392,237.6538620241554
2015,8,21,23.92,235.47132687034264
2017,12,9,15.92,226.37970084085828
2014,4,6,65.568,231.5281041004082
2016,12,12,56.52,231.1508880965839
2014,8,24,8.288,240.24251412606918
2015,5,14,122.91,231.17359435251365
2015,3,13,915.136,229.57094318758027
2016,8,9,11.88,227.60126653573116
2017,4,4,41.22,219.62477695013786
2016,11,4,15.176,227.76716828171448
2017,6,4,31.984,220.8831088840834
2015,12,20,88.8,237.64367150724775
2014,2,11,234.45,231.9913683213981
2016,7,29,84.784,233.85848518850162
2014,11,27,3.76,243.16296971995052
2017,6,9,49.12,222.6047050390198
2017,5,5,34.5,220.598262148098
2017,8,6,145.74,222.8300792800046
2016,12,11,14.8,230.806568865597
2017,6,15,120.96,224.67062042494217
2016,9,1,3.048,225.47587865480637
2014,11,11,22.98,237.6538620241554
2016,1,14,89.568,224.91870092185582
2014,12,27,767.214,243.79213568692285
2017,5,27,58.34,228.17328522981643
2016,5,16,282.84,228.12400325172257
2016,12,18,28.68,233.2168034825072
2015,12,25,547.136,239.36526766218321
2017,5,12,7.77,223.0084967650082
2014,9,8,17.904,235.36257239724728
2015,3,31,98.376,235.76868934534923
2014,11,4,52.064,235.24362740724519
2016,7,25,20.62,232.48120826455306
2014,1,6,12.78,229.6406061994894
2015,11,22,42.8,237.70314400224834
2017,9,18,19.44,227.59107601882351
2015,7,8,21.12,230.3660109005359
2017,11,5,159.99,224.37325794993558
2014,9,29,55.44,242.59327624797788
2014,6,6,13.36,232.78643603435467
2017,12,8,83.988,226.03538160987046
2017,10,13,96.784,226.49864583086037
2017,9,11,406.6,225.1808414019133
2014,11,17,2152.776,239.71977741007868
2017,4,9,17.43,221.34637310507424
2016,5,3,2.182,223.64785324888908
2015,8,8,113.92,230.99517686750914
2017,11,30,2.368,232.98123872461565
2014,12,15,6.16,239.66030491507627
2017,12,11,13.584,227.0683393028321
2017,5,26,12.96,227.8289659988286
2017,9,16,71.976,226.9024375568497
2017,6,1,324.744,219.85015119112177
2017,8,3,183.372,221.79712158704297
2016,12,1,88.08,227.36337655572515
2017,4,16,16.52,223.75660772198444
2016,7,21,363.92,231.1039313406045
2015,7,25,12.96,236.21943782731796
2017,5,26,25.76,227.8289659988286
2015,5,3,59.904,227.3860828116549
2017,12,1,131.98,223.62514699296025
2015,7,2,32.784,228.30009551461353
2017,3,19,8.94,224.16039944797194
2016,8,21,2887.056,231.73309730757683
2017,8,20,226.56,227.65054851382502
2014,1,16,30.072,233.08379850936126
2016,7,14,29.61,228.6936967236943
2017,5,14,89.97,223.69713522698294
2016,5,3,6.0,223.64785324888908
2016,9,2,568.728,225.8201978857942
2015,12,11,364.95,234.5447984283628
2017,6,10,29.6,222.9490242700067
2016,3,21,13.392,228.58726747271248
2016,8,31,23.968,235.17628961744867
2015,2,18,9.24,230.6633733755425
2014,6,8,585.552,233.4750744963285
2015,11,1,7.88,230.47244015151773
2016,8,21,33.44,231.73309730757683
2017,3,2,479.94,218.3069725211908
2016,1,25,45.98,228.70621246271457
2016,1,15,81.98,225.26302015284273
2017,6,16,301.96,225.01493965593
2016,10,23,16.156,233.68006770349803
2017,1,14,36.288,221.18047135909
2015,12,15,246.168,235.92207535231137
2016,3,13,379.96,225.83271362481537
2015,12,1,61.68,231.10160611849096
2017,11,9,499.168,225.75053487388504
2015,2,27,105.98,233.76224645442744
2014,11,21,5.46,241.09705433402723
2017,7,20,13.36,227.02138254685178
2017,1,21,99.696,223.5907059760002
2014,11,10,39.88,237.30954279316848
2014,6,21,3.984,237.95122449916198
2014,1,20,13.98,234.46107543330982
2016,9,16,17.48,230.6406671196146
2016,9,26,100.0,234.08385942948553
2016,10,2,34.37,226.44936385276742
2017,11,17,268.24,228.50508872178216
2016,10,28,56.91,235.4016638584335
2014,10,19,18.75,239.77924990507927
2017,9,24,859.2,229.6569914047468
2017,12,1,20.37,223.62514699296025
2017,11,2,155.372,223.34030025697484
2016,11,15,630.024,231.55467982257323
2017,5,18,113.94,225.0744121509315
2015,9,25,2.946,237.47776976126443
2016,11,14,19.92,231.21036059158632
2015,9,27,15.08,238.16640822323916
2016,11,10,178.92,229.83308366763777
2017,10,20,13.36,228.90888044777057
2017,11,5,67.8,224.37325794993558
2016,12,18,112.776,233.2168034825072
2016,6,6,714.3,225.30997690882396
2015,10,2,7.38,230.18759341553232
2014,12,9,1079.976,237.5943895291539
2017,9,16,8.82,226.9024375568497
2015,1,12,107.118,227.96829202264598
2014,7,15,2.97,236.51447508021192
2016,8,23,22.608,232.42173576955156
2016,8,29,241.92,234.48765115547394
2016,9,19,2.308,231.67362481257533
2016,12,25,106.32,235.6270380994174
2015,11,14,19.96,234.94859015435122
2017,12,11,17.94,227.0683393028321
2017,1,15,32.784,221.52479059007692
2015,5,12,12.84,230.4849558905389
2015,11,9,12.24,233.22699399941575
2016,9,9,15.008,228.2304325027044
2016,7,8,863.64,226.627781337771
2015,11,7,26.18,232.53835553744102
2015,8,8,6.608,230.99517686750914
2017,1,30,7.71,226.68957905488514
2016,4,24,15.552,230.24939113264645
2016,4,12,36.624,226.11756036079987
2016,4,24,3.984,230.24939113264645
2017,9,2,6.57,222.0819683230293
2017,7,8,12.96,222.8895517750052
2016,10,10,20.608,229.20391770066453
2015,12,11,13.12,234.5447984283628
2017,5,19,13.216,225.4187313819184
2015,11,23,335.52,238.04746323323616
2017,5,30,35.1,229.20624292277807
2016,11,19,17.28,232.9319567465218
2015,6,7,7.52,229.39252570257577
2017,6,15,698.352,224.67062042494217
2014,6,9,70.368,233.8193937273163
2017,6,2,43.92,220.1944704221096
2016,12,12,657.93,231.1508880965839
2016,5,31,191.079,233.2887917165299
2015,8,23,542.94,236.15996533231737
2014,4,8,172.11,232.21674256238202
2017,7,7,252.0,222.5452325440183
2017,6,3,4.554,220.5387896530965
2016,2,5,154.44,222.4489938099441
2017,12,9,11.088,226.37970084085828
2017,12,22,37.32,230.85585084369086
2017,12,4,239.96,224.6581046859219
2017,4,1,218.352,218.5918192571762
2016,11,10,31.104,229.83308366763777
2015,9,16,31.12,234.3788966823804
2014,1,13,5.64,232.0508408163996
2015,3,14,671.94,229.91526241856718
2017,8,13,17.544,225.2403138969148
2015,12,5,12.224,232.47888304243952
2017,12,26,44.75,232.23312776763942
2017,11,27,6.99,231.948281031654
2014,4,22,9.912,237.03721179620243
2015,11,9,26.22,233.22699399941575
2015,6,9,140.376,230.0811641645505
2017,9,22,691.96,228.96835294277207
2017,6,20,31.104,226.39221657987855
2014,7,23,99.98,239.26902892810995
2016,8,29,163.88,234.48765115547394
2017,1,12,37.68,220.49183289711527
2015,5,29,85.056,236.33838281732096
2016,11,22,4.488,233.96491443948344
2015,6,28,5.904,236.62322955330637
2016,5,21,82.656,229.84559940665804
2016,12,8,12.957,229.77361117263536
2016,9,18,801.568,231.32930558158841
2017,12,30,13.904,233.61040469158888
2017,8,27,5.184,230.06078313073522
2014,9,23,32.4,240.5273608620555
2016,11,4,38.88,227.76716828171448
2014,12,16,8.624,240.0046241460641
2017,11,5,128.124,224.37325794993558
2014,9,20,30.98,239.49440316909386
2014,9,25,2.724,241.21599932402933
2016,3,3,166.44,222.38952131494352
2015,5,28,6.096,235.99406358633405
2016,10,15,20.16,230.9255138556
2015,5,18,10.86,232.5508712764622
2014,11,21,94.99,241.09705433402723
2014,11,28,139.93,243.50728895093744
2015,9,11,31.05,232.65730052744402
2015,11,8,577.764,232.88267476842793
2017,4,11,20.992,222.03501156704806
2017,11,5,99.98,224.37325794993558
2017,8,7,31.128,223.17439851099152
2015,8,25,7.88,236.8486037942912
2016,12,23,61.96,234.93839963744358
2015,8,9,979.95,231.33949609849697
2017,9,2,236.528,222.0819683230293
2014,9,20,801.568,239.49440316909386
2015,9,28,12.536,238.51072745422607
2014,11,17,124.41,239.71977741007868
2014,7,23,604.752,239.26902892810995
2016,2,27,56.82,230.02401689166254
2014,11,27,199.9,243.16296971995052
2015,12,13,494.376,235.23343689033754
2015,3,22,1487.976,232.6698162664643
2016,9,25,29.6,233.73954019849862
2014,11,14,11.52,238.68681971711703
2015,2,3,74.52,225.4985849107352
2015,12,14,55.264,235.57775612132446
2017,8,1,271.96,221.10848312506823
2016,3,22,167.888,228.9315867036994
2015,11,8,27.9,232.88267476842793
2017,12,22,934.956,230.85585084369086
2017,9,29,51.75,231.37858755968227
2017,7,30,89.95,230.46457485672363
2017,6,24,35.82,227.7694935038271
2014,4,2,1049.93,230.15082717645964
2014,9,17,5.248,238.4614454761322
2016,8,16,32.4,230.01150115264136
2015,5,17,14.088,232.2065520454753
2016,6,6,99.9,225.30997690882396
2017,6,30,14.224,229.8354088897504
2017,5,3,69.52,219.90962368612418
2017,9,16,20.544,226.9024375568497
2017,11,19,59.913,229.19372718375598
2017,9,22,40.176,228.96835294277207
2014,12,26,218.352,243.44781645593503
2014,6,4,353.568,232.09779757237993
2014,4,2,15.84,230.15082717645964
2017,3,6,11.52,219.68424944513936
2017,9,8,765.625,224.14788370895167
2014,11,30,6.642,244.19592741291217
2014,3,11,10.464,232.62053428837135
2014,3,30,44.4,239.16259967712813
2016,5,5,5.728,224.3364917108629
2016,8,14,15.552,229.32286269066662
2016,8,12,37.312,228.6342242286919
2015,9,7,791.964,231.28002360349547
2014,4,5,22.96,231.18378486942038
2017,7,8,145.9,222.8895517750052
2016,8,27,81.54,233.79901269350012
2016,11,10,89.568,229.83308366763777
2014,3,23,604.752,236.75236506021793
2014,3,25,366.786,237.44100352219175
2014,12,9,100.704,237.5943895291539
2017,11,7,439.8,225.0618964119103
2017,10,15,11.68,227.1872842928342
2014,1,20,1067.94,234.46107543330982
2016,7,4,25.4,225.25050441382245
2017,12,8,1336.829,226.03538160987046
2015,10,18,249.584,235.69670111132655
2014,11,1,47.808,234.21066971428354
2016,10,28,38.19,235.4016638584335
2014,8,9,1091.168,235.07772566126187
2017,3,19,381.36,224.16039944797194
2016,5,10,743.988,226.05808786579928
2016,10,14,111.96,230.5811946246131
2015,11,16,18.9,235.63722861632596
2017,7,31,285.576,230.80889408771054
2016,8,1,45.96,224.84671268783313
2017,3,16,310.12,223.1274417550112
2014,3,24,24.9,237.09668429120484
2014,11,25,24.672,242.4743312579758
2017,8,13,83.79,225.2403138969148
2017,7,12,3.816,224.26682869895376
2016,3,15,45.68,226.5213520867892
2017,6,10,14.7,222.9490242700067
2015,4,11,85.14,229.51147069257877
2017,1,12,760.98,220.49183289711527
2015,12,10,799.984,234.2004791973759
2015,1,23,14.62,231.75580356350565
2015,10,23,842.352,237.41829726626293
2015,9,6,6.096,230.93570437250855
2015,4,25,13.944,234.33193992639917
2015,11,1,259.7,230.47244015151773
2017,11,17,431.16,228.50508872178216
2016,4,1,31.56,222.3300488199411
2017,12,16,44.4,228.78993545776848
2014,5,9,45.36,233.19022776034308
2015,9,25,68.62,237.47776976126443
2014,10,3,61.568,234.27014220928504
2016,11,4,38.29,227.76716828171448
2015,10,2,10.944,230.18759341553232
2014,9,17,148.704,238.4614454761322
2016,5,15,15.232,227.77968402073475
2015,12,25,9.216,239.36526766218321
2015,5,31,58.38,237.0270212792957
2017,8,21,866.4,227.99486774481193
2014,7,5,220.776,233.07128277034008
2015,6,23,75.0,234.9016333983709
2017,9,18,8.928,227.59107601882351
2014,5,11,100.792,233.8788662223169
2015,6,15,364.704,232.14707955047288
2015,7,16,1348.704,233.12056474843394
2017,11,9,63.56,225.75053487388504
2015,4,13,241.568,230.2001091545535
2014,4,6,70.95,231.5281041004082
2014,11,22,319.9,241.44137356501415
2016,9,25,483.136,233.73954019849862
2017,9,14,589.41,226.21379909487496
2014,10,14,322.192,238.0576537501438
2016,10,17,18.16,231.61415231757474
2015,11,30,177.48,240.45769785014636
2014,4,20,401.59,236.3485733342286
2014,4,29,561.584,239.44744641311263
2014,11,24,120.712,242.13001202698888
2015,9,17,86.304,234.7232159133673
2014,11,26,81.98,242.8186504889627
2015,9,21,1690.04,236.10049283731587
2017,8,27,1119.888,230.06078313073522
2016,5,30,5.56,232.94447248554297
2015,11,5,62.8,231.8497170754663
2017,11,18,74.95,228.84940795276907
2017,10,16,1875.258,227.531603523822
2017,7,23,15.192,228.05434023981343
2017,12,3,45.216,224.313785454935
2017,9,28,2.655,231.03426832869536
2016,10,22,31.4,233.3357484725102
2017,11,28,79.96,232.29260026264092
2017,9,9,141.372,224.4922029399395
2014,3,31,673.568,239.50691890811504
2015,10,4,26.96,230.87623187750614
2014,12,2,15.66,235.18415491224368
2017,12,20,6.48,230.16721238171704
2016,2,15,8.72,225.89218611981596
2015,9,11,181.35,232.65730052744402
2017,11,11,19.44,226.43917333585887
2016,2,5,122.97,222.4489938099441
2017,12,11,77.72,227.0683393028321
2016,7,24,253.764,232.13688903356615
2016,7,17,7.64,229.72665441665595
2015,9,20,1369.764,235.75617360632896
2015,5,3,665.88,227.3860828116549
2016,12,9,122.12,230.11793040362318
2017,4,16,25.98,223.75660772198444
2017,3,5,127.96,219.33993021415154
2017,7,11,30.32,223.92250946796685
2017,7,13,39.594,224.61114792994158
2014,11,1,43.176,234.21066971428354
2015,4,18,6.16,231.92170530948897
2015,6,1,11.76,227.32661031665248
2017,3,18,13.9,223.81608021698503
2017,12,5,41.96,225.0024239169088
2015,10,25,582.336,238.10693572823675
2016,9,6,31.86,227.19747480974274
2016,9,20,271.984,232.01794404356315
2015,11,28,12.132,239.76905938817163
2017,9,23,9.248,229.3126721737599
2016,9,6,3.204,227.19747480974274
2017,11,6,5.78,224.7175771809234
2017,4,15,196.45,223.41228849099662
2015,4,19,19.568,232.26602454047588
2017,7,8,18.24,222.8895517750052
2015,9,3,137.62,229.9027466795469
2014,9,23,34.5,240.5273608620555
2014,5,26,48.4,239.04365468712422
2016,6,14,1293.488,228.06453075672107
2016,8,22,4.312,232.07741653856374
2016,6,12,226.56,227.37589229474634
2016,5,9,76.64,225.71376863481237
2015,12,3,590.352,231.7902445804657
2014,8,23,19.44,239.89819489508227
2016,8,29,64.624,234.48765115547394
2016,9,25,201.96,233.73954019849862
2017,11,17,206.1,228.50508872178216
2016,5,22,26.88,230.18991863764495
2017,4,14,242.352,223.0679692600097
2016,6,29,191.88,233.22931922152839
2014,5,16,56.4,235.60046237725328
2016,7,7,5.715,226.2834621067841
2014,11,9,92.52,236.96522356218156
2015,3,20,83.92,231.98117780449047
2017,8,13,36.024,225.2403138969148
2017,5,7,1458.65,221.28690061007273
2015,10,31,14.75,240.17285111416004
2017,4,4,7.04,219.62477695013786
2016,9,27,2.907,234.42817866047335
2015,11,1,301.96,230.47244015151773
2015,6,25,75.384,235.59027186034473
2015,8,23,31.68,236.15996533231737
2016,8,13,71.98,228.9785434596797
2017,10,26,55.616,230.97479583369295
2016,9,26,35.4,234.08385942948553
2016,7,21,11.088,231.1039313406045
2016,8,1,19.312,224.84671268783313
2016,12,5,171.55,228.7406534796737
2017,9,9,6.56,224.4922029399395
2017,5,7,79.99,221.28690061007273
2017,2,17,11.76,222.84259501902488
2017,9,9,6.258,224.4922029399395
2017,12,21,23.88,230.51153161270395
2016,11,11,9.888,230.17740289862468
2017,7,14,13.12,224.9554671609285
2017,12,29,12.53,233.26608546060106
2016,12,25,19.89,235.6270380994174
2017,11,25,701.96,231.25964256967927
2016,10,3,38.08,226.79368308375433
2016,11,10,41.958,229.83308366763777
2015,4,18,74.352,231.92170530948897
2014,9,8,45.0,235.36257239724728
2014,7,9,32.4,234.44855969428954
2016,12,22,55.36,234.59408040645576
2016,9,11,11.09,228.9190709646782
2014,11,11,262.336,237.6538620241554
2016,11,22,20.82,233.96491443948344
2014,8,19,638.82,238.5209179711328
2017,6,24,276.69,227.7694935038271
2016,5,26,41.37,231.5671955615935
2015,3,5,60.69,226.81638933968225
2014,6,9,63.984,233.8193937273163
2015,8,16,313.024,233.74973071540717
2014,5,7,16.14,232.50158929836834
2017,6,1,158.376,219.85015119112177
2017,10,27,56.784,231.31911506468077
2017,11,11,35.48,226.43917333585887
2014,1,6,755.96,229.6406061994894
2016,9,5,43.6,226.85315557875492
2016,12,15,296.37,232.18384578954556
2014,10,20,8.682,240.1235691360671
2015,10,19,38.28,236.04102034231346
2014,2,7,64.96,230.61409139744956
2014,11,11,123.92,237.6538620241554
2017,8,29,9.408,230.74942159270904
2017,10,20,3.75,228.90888044777057
2016,6,6,105.52,225.30997690882396
2016,5,30,14.7,232.94447248554297
2015,3,29,212.64,235.0800508833745
2014,4,3,11.16,230.49514640744655
2017,7,1,25.92,220.479317158095
2017,9,10,13.71,224.8365221709264
2016,12,9,9.328,230.11793040362318
2017,11,4,95.976,224.02893871894867
2017,11,23,7.476,230.57100410770545
2017,9,22,27.18,228.96835294277207
2017,6,16,14.016,225.01493965593
2017,10,20,45.528,228.90888044777057
2015,3,5,60.416,226.81638933968225
2014,12,6,23.976,236.56143183619224
2017,5,18,14.56,225.0744121509315
2016,4,18,6.99,228.18347574672316
2016,10,1,194.848,226.1050446217796
2017,9,2,43.1,222.0819683230293
2017,2,6,227.46,219.05508347816613
2017,5,18,22.608,225.0744121509315
2017,9,24,14.28,229.6569914047468
2016,9,2,159.56,225.8201978857942
2016,6,12,67.536,227.37589229474634
2017,4,14,14.592,223.0679692600097
2015,7,11,341.488,231.39896859349756
2016,11,20,19.096,233.2762759775096
2017,8,31,569.568,231.43806005468377
2017,10,17,10.64,227.87592275480893
2015,9,10,61.96,232.3129812964571
2017,7,31,849.95,230.80889408771054
2016,11,24,339.92,234.65355290145817
2017,10,5,72.9,223.74409198296235
2016,9,18,239.984,231.32930558158841
2014,12,9,30.672,237.5943895291539
2017,9,4,11.808,222.7706067850031
2017,11,3,361.376,223.68461948796175
2015,6,15,40.256,232.14707955047288
2015,9,13,131.88,233.34593898941876
2015,11,7,190.72,232.53835553744102
2016,11,27,271.992,235.68651059441981
2014,11,10,10.99,237.30954279316848
2017,4,9,65.584,221.34637310507424
2016,11,7,263.96,228.80012597467612
2014,11,24,111.79,242.13001202698888
2015,6,13,899.97,231.45844108849906
2017,3,27,206.1,226.91495329586996
2015,10,12,135.72,233.63078572540326
2016,7,4,25.4,225.25050441382245
2014,7,9,23.92,234.44855969428954
2017,9,18,101.34,227.59107601882351
2017,12,9,896.328,226.37970084085828
2016,12,12,26.86,231.1508880965839
2016,12,26,902.712,235.97135733040432
2016,10,9,169.568,228.85959846967762
2016,1,30,48.58,230.42780861765095
2016,11,10,22.248,229.83308366763777
2017,12,14,1199.98,228.10129699579375
2016,9,17,14.82,230.9849863506015
2016,10,6,67.96,227.82664077671598
2016,8,15,3.15,229.66718192165354
2016,11,24,297.576,234.65355290145817
2016,12,1,863.928,227.36337655572515
2016,9,1,6.79,225.47587865480637
2017,12,28,78.8528,232.92176622961415
2017,9,3,108.4,222.4262875540162
2017,11,6,15.28,224.7175771809234
2015,9,21,199.74,236.10049283731587
2017,2,3,5.229,218.02212578520448
2015,7,20,26.4,234.4978416723825
2017,3,21,1805.88,224.84903790994667
2015,9,25,14.46,237.47776976126443
2016,8,30,786.744,234.83197038646176
2017,11,18,92.52,228.84940795276907
2014,6,16,41.4,236.2296283442265
2015,9,1,60.74,229.21410821757217
2016,12,18,38.88,233.2168034825072
2014,4,25,10.368,238.07016948916407
2014,9,29,686.32,242.59327624797788
2015,11,8,10.476,232.88267476842793
2017,5,20,518.272,225.76305061290623
2016,7,14,14.07,228.6936967236943
2014,2,11,64.96,231.9913683213981
2016,4,18,344.372,228.18347574672316
2017,3,19,99.54,224.16039944797194
2015,4,16,1439.968,231.23306684751515
2016,6,23,18.45,231.163403835606
2017,4,9,501.81,221.34637310507424
2015,8,21,59.94,235.47132687034264
2016,9,5,21.204,226.85315557875492
2017,10,20,20.928,228.90888044777057
2015,5,14,722.352,231.17359435251365
2017,3,18,19.4,223.81608021698503
2015,12,26,275.058,239.70958689317013
2017,12,2,559.62,223.96946622394807
2015,11,22,27.168,237.70314400224834
2015,5,14,4.896,231.17359435251365
2016,5,29,44.76,232.60015325455515
2017,1,30,207.0,226.68957905488514
2015,9,25,17.48,237.47776976126443
2016,7,25,10.44,232.48120826455306
2014,11,7,5.92,236.27658510020683
2017,2,9,252.784,220.08804117112777
2017,3,17,7.31,223.47176098599812
2017,9,3,8.904,222.4262875540162
2017,12,1,541.24,223.62514699296025
2015,6,28,15.552,236.62322955330637
2016,11,10,341.96,229.83308366763777
2014,1,10,2.89,231.01788312343797
2015,7,9,181.96,230.71033013152373
2015,8,9,1217.568,231.33949609849697
2016,8,30,339.96,234.83197038646176
2016,10,15,121.6,230.9255138556
2017,12,23,28.672,231.20017007467868
2017,6,11,215.592,223.29334350099361
2014,7,26,162.89,240.30198662107068
2016,6,25,254.352,231.85204229757983
2015,8,5,1.362,229.9622191745475
2015,11,26,104.9,239.0804209261969
2015,11,8,186.54,232.88267476842793
2016,4,14,933.536,226.8061988227746
2017,5,2,129.93,219.56530445513727
2016,4,1,30.144,222.3300488199411
2014,9,20,11.12,239.49440316909386
2014,11,18,2.892,240.0640966410656
2015,2,15,699.98,229.63041568258086
2015,9,3,120.33,229.9027466795469
2017,7,1,169.99,220.479317158095
2017,10,16,18.528,227.531603523822
2015,9,7,47.516,231.28002360349547
2015,5,17,55.6,232.2065520454753
2015,9,15,12.96,234.03457745139258
2017,9,21,79.98,228.62403371178516
2015,12,27,106.96,240.05390612415795
2017,1,15,1924.16,221.52479059007692
2014,6,20,15.552,237.60690526817507
2017,12,23,62.04,231.20017007467868
2017,5,18,114.95,225.0744121509315
2017,3,18,46.2,223.81608021698503
2017,4,1,127.95,218.5918192571762
2014,9,9,785.88,235.7068916282351
2015,7,31,1090.782,238.28535321324125
2015,9,17,6.858,234.7232159133673
2015,3,14,19.44,229.91526241856718
2014,7,18,259.136,237.54743277317357
2014,3,19,33.57,235.37508813626846
2016,7,25,69.3,232.48120826455306
2014,6,21,19.65,237.95122449916198
2017,8,21,15.28,227.99486774481193
2015,9,3,17.9,229.9027466795469
2016,4,23,36.24,229.90507190165954
2017,12,16,29.95,228.78993545776848
2016,4,12,343.92,226.11756036079987
2017,6,16,180.66,225.01493965593
2017,8,27,116.28,230.06078313073522
2017,11,6,1.248,224.7175771809234
2017,11,26,979.95,231.60396180066618
2014,4,12,39.68,233.59401948633058
2015,11,16,214.11,235.63722861632596
2017,7,18,198.744,226.33274408487705
2017,12,2,79.47,223.96946622394807
2016,10,15,60.12,230.9255138556
2014,3,22,16.28,236.4080458292301
2015,6,13,32.4,231.45844108849906
2015,2,27,538.92,233.76224645442744
2017,12,9,2.624,226.37970084085828
2017,2,2,78.304,217.67780655421757
2014,10,3,14.48,234.27014220928504
2016,6,20,447.696,230.13044614264436
2017,9,16,20.736,226.9024375568497
2015,9,17,25.032,234.7232159133673
2014,11,2,46.384,234.55498894527136
2014,9,8,4.02,235.36257239724728
2017,6,26,68.52,228.45813196580093
2016,11,18,301.96,232.58763751553488
2016,11,10,20.368,229.83308366763777
2017,9,10,296.85,224.8365221709264
2014,9,14,68.46,237.42848778317057
2015,11,22,55.104,237.70314400224834
2017,3,27,17.64,226.91495329586996
2015,10,3,32.07,230.53191264651923
2016,4,6,1294.75,224.0516449748775
2016,9,2,22.911,225.8201978857942
2016,3,31,280.782,232.03045978258433
2016,12,11,119.96,230.806568865597
2015,9,24,14.952,237.1334505302775
2015,10,20,24.56,236.38533957330128
2016,9,4,279.95,226.508836347768
2017,3,2,12.222,218.3069725211908
2017,11,18,7.38,228.84940795276907
2017,11,21,55.176,229.88236564573072
2014,12,6,35.168,236.56143183619224
2014,3,18,22638.48,235.03076890528155
2015,11,10,715.64,233.57131323040267
2017,7,8,15.84,222.8895517750052
2017,11,18,8.448,228.84940795276907
2014,9,8,975.92,235.36257239724728
2017,12,17,32.56,229.1342546887554
2015,8,21,17.52,235.47132687034264
2017,4,28,751.984,227.8884384938301
2017,10,3,20.64,223.05545352098852
2016,2,16,62.958,226.23650535080378
2014,8,17,15.552,237.83227950915898
2016,3,29,41.328,231.3418213206096
2016,8,26,154.9,233.4546934625123
2016,9,20,393.25,232.01794404356315
2016,5,28,390.272,232.25583402356824
2017,2,23,37.44,224.90851040494817
2017,6,16,23.92,225.01493965593
2017,5,27,477.15,228.17328522981643
2015,10,23,150.384,237.41829726626293
2014,11,18,67.15,240.0640966410656
2017,10,2,17.46,222.7111342900016
2017,12,9,872.94,226.37970084085828
2016,6,6,328.224,225.30997690882396
2014,8,5,135.99,233.7004487373124
2016,5,21,3.798,229.84559940665804
2017,12,13,38.88,227.75697776480683
2017,6,20,503.96,226.39221657987855
2016,5,26,388.43,231.5671955615935
2015,9,12,21.98,233.00161975843093
2016,6,16,46.35,228.7531692186958
2016,12,9,3.69,230.11793040362318
2016,6,11,239.97,227.03157306375942
2016,11,27,167.292,235.68651059441981
2017,3,13,465.16,222.09448406204956
2014,7,19,6.096,237.89175200416048
2017,10,9,314.352,225.1213689069118
2014,4,11,105.584,233.24970025534367
2017,6,3,35.168,220.5387896530965
2016,8,26,8.64,233.4546934625123
2017,9,22,11.228,228.96835294277207
2017,2,26,29.6,225.9414680979089
2014,12,5,15.0,236.21711260520442
2015,7,13,38.88,232.0876070554723
2017,9,16,55.992,226.9024375568497
2017,10,6,19.152,224.08841121395017
2017,9,24,506.28,229.6569914047468
2015,9,4,7.656,230.24706591053382
2017,6,8,72.588,222.26038580803197
2016,7,25,124.25,232.48120826455306
2016,11,11,59.97,230.17740289862468
2015,1,5,87.36,225.55805740573578
2014,7,20,25.984,238.2360712351483
2017,11,5,166.5,224.37325794993558
2016,5,26,9.64,231.5671955615935
2014,9,29,67.176,242.59327624797788
2016,3,15,4.544,226.5213520867892
2015,12,5,97.424,232.47888304243952
2016,9,10,276.784,228.5747517336913
2016,6,7,32.4,225.65429613981087
2016,12,1,11.648,227.36337655572515
2015,11,30,17.48,240.45769785014636
2015,8,16,3.762,233.74973071540717
2014,7,9,119.833,234.44855969428954
2014,5,24,116.28,238.3550162251504
2015,8,23,21.4,236.15996533231737
2017,5,18,34.75,225.0744121509315
2016,11,30,36.192,236.71946828738146
2016,2,16,326.646,226.23650535080378
2017,6,15,76.608,224.67062042494217
2015,3,27,83.7,234.39141242140067
2016,7,28,9.48,233.5141659575147
2017,1,29,14.91,226.34525982389732
2015,11,15,250.272,235.29290938533813
2017,9,30,167.94,231.7229067906701
2015,12,6,8.96,232.82320227342734
2015,12,24,5.584,239.0209484311963
2014,7,11,124.11,235.13719815626337
2016,12,10,18.54,230.4622496346101
2017,11,3,18.368,223.68461948796175
2014,11,1,167.94,234.21066971428354
2017,12,2,179.9,223.96946622394807
2014,7,11,197.97,235.13719815626337
2016,7,1,30.84,224.2175467208608
2014,10,2,12.768,233.92582297829813
2015,10,12,209.67,233.63078572540326
2017,8,7,707.88,223.17439851099152
2016,7,17,55.48,229.72665441665595
2014,7,11,14.4,235.13719815626337
2016,12,3,1649.95,228.0520150176999
2015,3,26,1085.42,234.04709319041285
2017,12,5,31.176,225.0024239169088
2017,10,2,11.808,222.7111342900016
2015,9,3,238.152,229.9027466795469
2017,12,10,426.79,226.7240200718452
2014,3,18,8.016,235.03076890528155
2017,1,30,31.68,226.68957905488514
2017,6,16,18.54,225.01493965593
2014,9,7,13.16,235.01825316626037
2014,4,6,116.784,231.5281041004082
2015,10,2,7.38,230.18759341553232
2016,12,23,1499.97,234.93839963744358
2017,11,3,11.673,223.68461948796175
2014,4,8,2.368,232.21674256238202
2016,11,11,257.98,230.17740289862468
2015,8,7,19.152,230.65085763652223
2014,10,28,6.28,242.8781229839642
2015,3,24,46.9,233.35845472843903
2014,3,21,122.97,236.0637265982432
2016,9,5,62.79,226.85315557875492
2016,12,2,33.87,227.70769578671297
2017,1,1,141.42,216.70432135625651
2017,12,23,13.48,231.20017007467868
2015,1,13,77.6,228.3126112536338
2014,12,16,241.568,240.0046241460641
2014,11,10,3.9,237.30954279316848
2015,2,8,5.76,227.22018106567066
2015,5,17,33.28,232.2065520454753
2015,11,1,3.168,230.47244015151773
2015,9,26,124.46,237.82208899225134
2017,5,3,64.2,219.90962368612418
2017,10,12,5.88,226.15432659987255
2014,7,22,5.96,238.92470969712213
2016,6,5,11.16,224.96565767783613
2014,8,9,2060.744,235.07772566126187
2017,8,31,10.744,231.43806005468377
2014,10,5,91.92,234.95878067125886
2016,6,2,30.18,223.9326999848754
2017,11,16,811.28,228.16076949079525
2016,12,18,900.08,233.2168034825072
2016,9,27,1001.584,234.42817866047335
2014,12,22,124.032,242.07053953198647
2014,9,29,4.224,242.59327624797788
2014,11,10,563.94,237.30954279316848
2017,8,10,1454.49,224.20735620395317
2014,4,29,51.96,239.44744641311263
2015,3,19,3149.93,231.63685857350265
2015,3,28,5.232,234.73573165238759
2017,5,8,128.058,221.63121984105965
2016,11,26,3406.664,235.342191363432
2014,11,16,169.45,239.37545817909177
2017,9,17,14.4,227.2467567878366
2017,11,3,35.88,223.68461948796175
2016,12,16,563.92,232.52816502053338
2015,8,9,47.04,231.33949609849697
2016,11,10,5.184,229.83308366763777
2015,12,27,22.512,240.05390612415795
2015,9,21,25.99,236.10049283731587
2015,4,30,19.8,236.05353608133555
2017,11,12,15.92,226.78349256684578
2014,12,2,119.8,235.18415491224368
2016,9,13,16.9,229.60770942665295
2017,12,25,39.312,231.8888085366525
2015,1,10,1018.104,227.27965356067216
2017,3,18,82.524,223.81608021698503
2017,12,13,201.04,227.75697776480683
2014,11,26,93.15,242.8186504889627
2014,11,19,47.496,240.4084158720525
2016,10,10,90.882,229.20391770066453
2015,2,27,493.92,233.76224645442744
2015,12,1,146.73,231.10160611849096
2015,12,9,34.02,233.856159966389
2017,4,21,2.934,225.4782038769199
2017,6,26,239.97,228.45813196580093
2016,1,30,50.784,230.42780861765095
2016,2,1,56.45,221.07171688599556
2016,10,21,35.88,232.9914292415233
2016,4,18,127.88,228.18347574672316
2015,4,4,9.088,227.10123607566857
2014,11,24,196.62,242.13001202698888
2015,11,20,186.048,237.0145055402745
2016,11,27,34.95,235.68651059441981
2014,7,19,20.88,237.89175200416048
2014,7,11,164.85,235.13719815626337
2014,4,21,828.84,236.69289256521552
2017,9,24,199.8,229.6569914047468
2016,5,6,54.712,224.68081094185072
2017,10,7,307.666,224.43273044493708
2017,3,26,32.232,226.57063406488214
2016,2,8,1127.976,223.48195150290576
2017,12,8,272.94,226.03538160987046
2015,12,10,25.488,234.2004791973759
2016,11,14,7.38,231.21036059158632
2015,9,1,4.752,229.21410821757217
2017,7,9,526.45,223.23387100599302
2017,3,16,6.48,223.1274417550112
2016,12,25,343.85,235.6270380994174
2017,10,12,101.84,226.15432659987255
2014,10,14,1999.96,238.0576537501438
2016,8,2,136.464,225.19103191882095
2016,12,23,24.85,234.93839963744358
2015,12,27,323.1,240.05390612415795
2016,11,14,2.296,231.21036059158632
2016,2,2,8749.95,221.41603611698338
2014,10,10,101.994,236.68037682619524
2016,3,17,39.68,227.20999054876393
2017,8,17,4416.174,226.61759082086337
2014,10,20,505.32,240.1235691360671
2017,3,31,29.7,228.29223021981852
2017,11,20,23.968,229.5380464147438
2016,2,12,15.92,224.85922842685432
2016,9,17,20.1,230.9849863506015
2014,5,4,46.8,231.4686316054067
2014,6,25,9.328,239.32850142311054
2017,7,17,32.4,225.98842485389014
2016,4,12,13.208,226.11756036079987
2017,6,12,91.2,223.63766273198053
2015,9,25,102.582,237.47776976126443
2017,4,27,139.58,227.5441192628432
2017,10,20,15.984,228.90888044777057
2015,11,24,454.86,238.39178246422307
2016,8,27,9.216,233.79901269350012
2015,3,5,2.556,226.81638933968225
2014,6,17,6.24,236.57394757521342
2015,10,23,479.976,237.41829726626293
2016,9,19,6.24,231.67362481257533
2017,8,18,88.02,226.96191005185028
2016,12,3,18.192,228.0520150176999
2017,5,6,54.66,220.94258137908582
2017,12,25,3.168,231.8888085366525
2014,6,2,356.94,231.4091591104061
2016,10,24,15.552,234.02438693448494
2014,5,25,29.32,238.6993354561373
2014,12,29,319.968,244.48077414889667
2017,9,7,39.96,223.80356447796476
2014,8,30,95.94,242.30842951199247
2017,1,30,419.136,226.68957905488514
2015,8,24,26.982,236.50428456330428
2017,1,20,359.976,223.2463867450133
2014,12,12,43.31,238.62734722211462
2017,3,27,17.76,226.91495329586996
2015,5,12,201.584,230.4849558905389
2016,4,12,63.9,226.11756036079987
2017,3,5,7.9,219.33993021415154
2016,12,6,222.352,229.08497271066153
2017,8,12,192.16,224.895994665927
2016,4,30,111.888,232.31530651856974
2015,11,20,22.14,237.0145055402745
2017,7,31,11.54,230.80889408771054
2014,9,16,33.552,238.1171262451453
2016,9,25,393.165,233.73954019849862
2016,7,7,215.65,226.2834621067841
2014,9,8,485.88,235.36257239724728
2014,9,26,41.376,241.56031855501624
2017,1,27,14.016,225.6566213619235
2015,11,7,7.3,232.53835553744102
2016,5,30,364.74,232.94447248554297
2017,9,16,3.444,226.9024375568497
2017,12,1,221.55,223.62514699296025
2015,5,23,121.792,234.27246743139858
2014,8,24,25.5,240.24251412606918
2015,11,28,8.28,239.76905938817163
2016,5,12,54.9,226.7467263277731
2014,4,25,6.24,238.07016948916407
2016,12,23,1117.92,234.93839963744358
2017,7,29,124.792,230.1202556257358
2017,11,5,16.03,224.37325794993558
2017,11,21,5.56,229.88236564573072
2017,12,25,3.856,231.8888085366525
2016,6,12,23.12,227.37589229474634
2014,10,12,22.24,237.36901528816907
2016,7,2,528.43,224.56186595184863
2014,9,21,66.03,239.83872240008077
2017,7,3,32.896,221.16795562006973
2015,10,3,24.0,230.53191264651923
2014,11,12,36.288,237.9981812551423
2016,3,12,19.98,225.48839439382755
2017,5,28,54.368,228.51760446080334
2017,1,20,3.52,223.2463867450133
2014,1,20,14.73,234.46107543330982
2015,8,27,5.104,237.53724225626593
2016,4,8,34.4,224.7402834368513
2014,12,29,33.29,244.48077414889667
2016,5,15,7.764,227.77968402073475
2016,3,3,447.86,222.38952131494352
2015,9,24,6.732,237.1334505302775
2016,11,5,104.9,228.1114875127014
2014,12,8,39.88,237.25007029816607
2017,10,9,67.144,225.1213689069118
2017,12,2,701.96,223.96946622394807
2016,11,17,49.5,232.24331828454797
2014,7,1,5.184,231.69400584639152
2017,10,22,2399.6,229.5975189097444
2015,11,20,89.696,237.0145055402745
2017,3,16,19.68,223.1274417550112
2017,11,27,8.76,231.948281031654
2015,9,3,36.336,229.9027466795469
2016,12,14,14.62,231.83952655855865
2015,5,26,153.728,235.30542512435932
2015,3,5,23.92,226.81638933968225
2017,12,14,974.988,228.10129699579375
2016,12,2,629.95,227.70769578671297
2016,11,3,87.71,227.42284905072756
2017,5,21,520.05,226.10736984389314
2014,8,8,38.34,234.73340643027404
2015,11,14,883.84,234.94859015435122
2016,6,30,1266.86,233.5736384525162
2016,4,21,48.792,229.2164334396848
2016,12,12,18.693,231.1508880965839
2015,9,1,14.368,229.21410821757217
2014,11,18,50.997,240.0640966410656
2016,11,25,456.588,234.99787213244508
2015,12,24,27.168,239.0209484311963
2016,9,20,77.52,232.01794404356315
2016,7,7,60.288,226.2834621067841
2017,10,6,344.91,224.08841121395017
2017,12,8,13.248,226.03538160987046
2016,12,11,302.376,230.806568865597
2016,7,25,65.5,232.48120826455306
2014,9,28,46.26,242.24895701699097
2017,5,25,29.84,227.4846467678417
2016,4,8,95.984,224.7402834368513
2015,3,16,8.34,230.60390088054191
2015,12,11,54.92,234.5447984283628
2016,4,14,81.2,226.8061988227746
2017,11,12,10.848,226.78349256684578
2017,12,2,286.86,223.96946622394807
2015,10,8,72.78,232.2535088014547
2015,8,24,6.912,236.50428456330428
2017,9,2,254.526,222.0819683230293
2014,6,20,3.52,237.60690526817507
2017,10,2,1575.14,222.7111342900016
2016,7,30,9.264,234.20280441948944
2016,9,17,437.85,230.9849863506015
2015,9,8,21.36,231.62434283448238
2014,7,21,272.848,238.5803904661352
2016,5,19,641.96,229.1569609446833
2016,8,13,103.6,228.9785434596797
2015,9,27,1871.88,238.16640822323916
2014,9,20,617.7,239.49440316909386
2017,9,22,12.07,228.96835294277207
2017,12,4,302.94,224.6581046859219
2014,5,11,66.112,233.8788662223169
2015,8,21,25.984,235.47132687034264
2016,10,21,7.36,232.9914292415233
2015,12,6,19.92,232.82320227342734
2015,11,24,19.44,238.39178246422307
2017,3,8,171.2,220.37288790711318
2016,8,15,122.328,229.66718192165354
2017,4,26,20.34,227.19980003185537
2017,10,3,83.92,223.05545352098852
2017,9,7,29.24,223.80356447796476
2016,11,23,14.368,234.30923367047126
2017,3,19,27.496,224.16039944797194
2014,8,3,93.024,233.01181027533858
2016,12,10,1424.9,230.4622496346101
2016,5,12,631.96,226.7467263277731
2015,5,29,317.058,236.33838281732096
2016,9,26,431.976,234.08385942948553
2015,9,14,879.984,233.69025822040567
2017,12,3,16.72,224.313785454935
2015,12,24,22.704,239.0209484311963
2015,7,31,239.7,238.28535321324125
2016,9,4,129.92,226.508836347768
2014,1,11,9.94,231.36220235442488
2017,1,30,129.3,226.68957905488514
2015,9,11,772.68,232.65730052744402
2017,4,17,195.136,224.10092695297135
2017,2,19,44.67,223.5312334809987
2016,3,25,59.52,229.96454439666104
2014,10,12,21.39,237.36901528816907
2015,12,14,50.0,235.57775612132446
2014,6,9,114.9,233.8193937273163
2014,11,1,69.52,234.21066971428354
2014,3,19,4.992,235.37508813626846
2017,12,14,43.7,228.10129699579375
2017,9,9,258.48,224.4922029399395
2017,2,25,1.788,225.597148866922
2014,8,8,445.96,234.73340643027404
2017,5,30,8.01,229.20624292277807
2017,12,11,63.686,227.0683393028321
2017,2,26,91.96,225.9414680979089
2017,7,15,6.56,225.2997863919154
2014,12,3,479.96,235.5284741432306
2016,4,23,251.52,229.90507190165954
2016,11,10,37.3,229.83308366763777
2017,4,13,5.28,222.7236500290228
2014,9,7,46.688,235.01825316626037
2016,10,15,41.72,230.9255138556
2014,7,12,255.936,235.48151738725028
2015,12,14,15.24,235.57775612132446
2016,4,22,23.952,229.56075267067172
2016,11,27,31.56,235.68651059441981
2017,10,12,9.96,226.15432659987255
2017,4,16,32.544,223.75660772198444
2017,2,6,359.97,219.05508347816613
2017,5,14,899.43,223.69713522698294
2017,4,30,23.68,228.57707695580484
2014,5,12,700.056,234.2231854533038
2017,1,2,5.432,217.04864058724434
2017,1,16,399.672,221.86910982106474
2017,7,15,179.94,225.2997863919154
2014,3,7,204.9,231.2432573644228
2017,4,25,8.896,226.85548080086846
2015,4,6,47.952,227.7898745376433
2015,9,17,15.76,234.7232159133673
2014,3,15,7.218,233.9978112123199
2014,9,7,304.99,235.01825316626037
2015,8,16,2.724,233.74973071540717
2017,11,6,13.9,224.7175771809234
2014,4,28,159.98,239.10312718212572
2017,8,13,272.048,225.2403138969148
2015,7,12,6.912,231.74328782448447
2015,9,17,2003.92,234.7232159133673
2017,10,30,33.94,232.35207275764242
2015,12,17,180.016,236.6107138142861
2017,1,14,7.92,221.18047135909
2016,6,11,14.62,227.03157306375942
2016,7,23,4.448,231.79256980257924
2014,10,3,4.928,234.27014220928504
2016,3,17,32.54,227.20999054876393
2015,7,9,5.16,230.71033013152373
2014,1,20,66.58,234.46107543330982
2016,12,5,3.536,228.7406534796737
2014,9,17,38.256,238.4614454761322
2017,12,4,23.92,224.6581046859219
2015,11,3,6.608,231.16107861349246
2014,10,18,10.048,239.43493067409236
2015,2,9,20.8,227.56450029665848
2016,12,30,170.786,237.34863425435378
2015,2,7,311.15,226.87586183468375
2017,11,10,11.52,226.09485410487196
2016,1,17,316.0,225.95165861481746
2015,9,7,559.93,231.28002360349547
2017,2,13,107.53,221.46531809507633
2017,5,20,41.28,225.76305061290623
2015,7,20,34.76,234.4978416723825
2014,11,15,10.95,239.03113894810394
2014,9,7,12.96,235.01825316626037
2017,9,11,143.952,225.1808414019133
2017,5,20,6.98,225.76305061290623
2017,6,19,146.176,226.04789734889073
2016,6,24,104.85,231.50772306659292
2015,11,21,10.92,237.35882477126142
2015,6,26,43.04,235.93459109133164
2017,10,2,21.984,222.7111342900016
2015,3,31,22.38,235.76868934534923
2016,10,13,82.26,230.23687539362618
2017,11,26,27.46,231.60396180066618
2014,9,26,3.152,241.56031855501624
2017,10,28,47.952,231.66343429566768
2014,8,11,12.35,235.7663641232357
2015,4,30,9.48,236.05353608133555
2017,11,20,84.056,229.5380464147438
2016,12,27,20.16,236.31567656139214
2017,11,6,449.568,224.7175771809234
2017,3,31,13.468,228.29223021981852
2017,3,21,725.84,224.84903790994667
2017,3,16,140.67,223.1274417550112
2014,12,2,119.96,235.18415491224368
2014,8,12,158.928,236.1106833542226
2015,4,7,25.92,228.1341937686302
2016,12,24,33.4,235.2827188684305
2016,10,14,1649.75,230.5811946246131
2014,3,18,1198.33,235.03076890528155
2017,9,23,29.328,229.3126721737599
2016,12,6,13.36,229.08497271066153
2015,8,21,598.458,235.47132687034264
2015,4,11,67.36,229.51147069257877
2017,12,18,1141.938,229.4785739197423
2017,11,5,492.768,224.37325794993558
2014,11,3,410.352,234.89930817625827
2014,5,13,279.456,234.56750468429163
2016,9,3,280.782,226.1645171167811
2015,4,16,127.764,231.23306684751515
2016,4,18,203.92,228.18347574672316
2017,9,18,15.96,227.59107601882351
2014,7,7,69.008,233.7599212323148
2016,12,9,61.929,230.11793040362318
2017,11,4,9.664,224.02893871894867
2017,12,11,23.36,227.0683393028321
2017,2,6,29.9,219.05508347816613
2014,10,14,2.946,238.0576537501438
2015,11,3,42.6,231.16107861349246
2017,9,4,12.96,222.7706067850031
2017,10,26,251.58,230.97479583369295
2015,11,20,24.192,237.0145055402745
2014,8,20,896.99,238.86523720212062
2014,1,6,6.54,229.6406061994894
2015,5,10,46.688,229.7963174285651
2017,11,30,25.83,232.98123872461565
2014,11,12,79.512,237.9981812551423
2014,7,14,55.92,236.170155849225
2015,9,5,4.47,230.59138514152073
2017,10,8,145.764,224.777049675924
2014,5,10,158.13,233.53454699133
2016,9,4,12.192,226.508836347768
2014,8,23,31.104,239.89819489508227
2016,6,17,22.5,229.09748844968271
2016,4,1,63.84,222.3300488199411
2015,10,5,53.04,231.22055110849305
2016,12,10,62.82,230.4622496346101
2014,1,16,127.104,233.08379850936126
2016,12,9,19.46,230.11793040362318
2016,4,19,9.336,228.52779497771007
2017,5,29,6.24,228.86192369179025
2017,12,30,90.93,233.61040469158888
2017,12,22,6.33,230.85585084369086
2014,8,25,6.528,240.5868333570561
2016,5,5,93.248,224.3364917108629
2016,12,5,407.976,228.7406534796737
2017,11,25,67.84,231.25964256967927
2017,10,30,71.992,232.35207275764242
2015,9,7,140.736,231.28002360349547
2017,9,23,119.96,229.3126721737599
2016,9,19,17.04,231.67362481257533
2014,7,14,31.984,236.170155849225
2014,5,31,113.73,240.7652508420606
2015,10,4,20.736,230.87623187750614
2017,5,13,914.97,223.35281599599602
2014,11,1,22.428,234.21066971428354
2017,11,20,22.0,229.5380464147438
2017,9,11,79.96,225.1808414019133
2015,2,9,479.952,227.56450029665848
2017,11,23,4.36,230.57100410770545
2016,10,28,32.4,235.4016638584335
2016,12,11,5.872,230.806568865597
2014,12,20,47.3,241.38190107001265
2016,8,27,3.528,233.79901269350012
2015,11,15,70.95,235.29290938533813
2016,3,29,414.0,231.3418213206096
2017,11,19,1525.188,229.19372718375598
2016,11,11,35.232,230.17740289862468
2017,8,21,35.0,227.99486774481193
2015,12,19,1053.164,237.29935227625992
2017,9,14,70.95,226.21379909487496
2015,11,8,11.65,232.88267476842793
2016,12,26,302.384,235.97135733040432
2017,7,10,298.464,223.57819023697994
2017,9,7,16.9,223.80356447796476
2015,6,28,482.94,236.62322955330637
2017,11,18,41.472,228.84940795276907
2015,9,17,87.168,234.7232159133673
2016,9,2,1012.68,225.8201978857942
2017,12,1,19.44,223.62514699296025
2017,4,10,7.16,221.69069233606115
2016,5,14,185.528,227.43536478974784
2014,12,2,146.82,235.18415491224368
2015,10,19,1640.7,236.04102034231346
2016,7,14,419.944,228.6936967236943
2017,8,27,2.896,230.06078313073522
2015,3,8,3.408,227.8493470326439
2016,7,17,87.71,229.72665441665595
2016,8,19,25.32,231.0444588456021
2016,12,18,377.45,233.2168034825072
2015,6,18,9.156,233.18003724343453
2016,10,13,191.976,230.23687539362618
2015,4,18,15.552,231.92170530948897
2015,12,26,22.2,239.70958689317013
2015,7,26,266.352,236.56375705830487
2015,1,30,14.304,234.16603818041585
2016,12,3,268.704,228.0520150176999
2016,9,17,6.48,230.9849863506015
2017,7,3,215.148,221.16795562006973
2015,11,22,59.94,237.70314400224834
2016,9,1,23.988,225.47587865480637
2016,6,14,337.176,228.06453075672107
2017,6,3,44.75,220.5387896530965
2015,7,11,2.502,231.39896859349756
2017,12,24,232.88,231.5444893056656
2016,9,12,15.232,229.26339019566512
2017,5,15,15.552,224.04145445796985
2017,10,19,56.56,228.56456121678275
2016,2,14,264.18,225.54786688882905
2016,3,13,51.897,225.83271362481537
2017,11,6,5.68,224.7175771809234
2014,10,20,3.808,240.1235691360671
2017,3,18,27.816,223.81608021698503
2017,10,19,30.56,228.56456121678275
2016,9,18,3.0,231.32930558158841
2017,7,27,234.95,229.43161716376198
2014,12,9,8.448,237.5943895291539
2015,9,18,443.92,235.06753514435422
2016,4,8,121.104,224.7402834368513
2017,9,23,20.736,229.3126721737599
2017,11,27,143.73,231.948281031654
2017,8,17,102.93,226.61759082086337
2016,8,13,10.272,228.9785434596797
2015,10,30,1035.8,239.82853188317313
2016,5,24,16.656,230.87855709961968
2014,8,4,399.96,233.3561295063255
2016,12,11,122.688,230.806568865597
2015,12,6,999.98,232.82320227342734
2017,10,17,49.96,227.87592275480893
2015,3,7,587.97,227.50502780165698
2015,12,22,17.12,238.33230996922157
2016,7,1,2.496,224.2175467208608
2016,7,7,59.994,226.2834621067841
2016,3,8,9.702,224.111117469879
2016,3,12,29.34,225.48839439382755
2017,3,3,180.98,218.6512917521777
2017,12,22,220.98,230.85585084369086
2017,10,27,5.607,231.31911506468077
2016,5,5,1685.88,224.3364917108629
2016,7,8,19.296,226.627781337771
2017,5,4,2.202,220.2539429171111
2017,3,30,6.08,227.9479109888316
2016,7,25,1439.976,232.48120826455306
2014,9,26,32.896,241.56031855501624
2015,3,19,453.576,231.63685857350265
2016,8,15,705.544,229.66718192165354
2015,12,17,204.85,236.6107138142861
2016,11,30,496.86,236.71946828738146
2014,11,3,3.488,234.89930817625827
2014,12,27,12.84,243.79213568692285
2015,11,20,11.52,237.0145055402745
2015,9,22,25.424,236.44481206830278
2015,11,29,161.82,240.11337861915854
2016,11,10,221.98,229.83308366763777
2016,12,3,182.72,228.0520150176999
2014,9,21,239.984,239.83872240008077
2015,7,2,68.6,228.30009551461353
2016,11,12,19.98,230.5217221296116
2017,9,12,94.85,225.52516063290022
2016,6,20,45.056,230.13044614264436
2016,9,26,8.928,234.08385942948553
2015,6,28,119.56,236.62322955330637
2016,5,28,185.88,232.25583402356824
2015,4,30,24.3,236.05353608133555
2017,11,20,4.656,229.5380464147438
2016,8,28,18.432,234.14333192448703
2017,12,9,419.4,226.37970084085828
2014,6,16,35.0,236.2296283442265
2016,9,12,1059.12,229.26339019566512
2016,12,4,182.94,228.3963342486868
2015,5,8,37.94,229.10767896659036
2016,9,4,16.56,226.508836347768
2014,11,9,56.52,236.96522356218156
2016,1,31,109.592,230.77212784863787
2015,8,9,247.8,231.33949609849697
2016,10,1,41.85,226.1050446217796
2016,11,25,319.92,234.99787213244508
2016,1,7,23.076,222.5084663049456
2014,11,2,19.242,234.55498894527136
2014,5,21,617.97,237.32205853218875
2015,10,23,10.688,237.41829726626293
2017,6,1,83.97,219.85015119112177
2014,7,20,22.83,238.2360712351483
2014,8,4,1089.75,233.3561295063255
2016,3,10,176.784,224.79975593185372
2015,3,2,787.53,225.7834316467215
2014,9,8,275.928,235.36257239724728
2017,12,21,71.0,230.51153161270395
2016,9,14,673.568,229.95202865763986
2016,9,11,22.428,228.9190709646782
2014,9,10,21.728,236.051210859222
2017,7,21,25.99,227.3657017778387
2017,10,5,206.352,223.74409198296235
2016,6,28,359.976,232.88499999054147
2017,6,19,122.328,226.04789734889073
2016,12,11,13.52,230.806568865597
2015,7,12,1.928,231.74328782448447
2015,3,19,40.14,231.63685857350265
2016,12,8,34.05,229.77361117263536
2014,11,14,43.8,238.68681971711703
2016,1,31,125.36,230.77212784863787
2014,12,1,9.82,234.83983568125586
2016,11,25,59.976,234.99787213244508
2017,7,29,90.57,230.1202556257358
2017,11,25,853.93,231.25964256967927
2014,7,12,23.84,235.48151738725028
2017,12,2,906.68,223.96946622394807
2016,6,10,20.7,226.6872538327725
2016,9,5,58.248,226.85315557875492
2014,9,19,2624.985,239.15008393810604
2017,3,24,221.92,225.88199560290832
2016,7,19,87.92,230.41529287862977
2016,5,30,2.376,232.94447248554297
2017,11,27,244.55,231.948281031654
2015,10,26,14.301,238.45125495922366
2017,9,23,31.44,229.3126721737599
2015,3,8,14.98,227.8493470326439
2016,8,12,1591.02,228.6342242286919
2016,12,2,72.42,227.70769578671297
2015,9,6,46.62,230.93570437250855
2015,11,29,56.3,240.11337861915854
2014,3,4,354.9,230.21029967146114
2017,2,16,37.94,222.49827578803797
2017,11,24,13.762,230.91532333869236
2015,9,5,28.752,230.59138514152073
2016,2,8,241.5,223.48195150290576
2016,9,25,5.76,233.73954019849862
2014,8,5,45.98,233.7004487373124
2016,11,3,4.158,227.42284905072756
2015,12,27,212.058,240.05390612415795
2016,11,26,595.38,235.342191363432
2016,11,19,1.192,232.9319567465218
2016,12,2,104.184,227.70769578671297
2016,4,7,36.744,224.3959642058644
2017,9,16,538.194,226.9024375568497
2015,4,5,563.808,227.44555530665548
2016,10,6,703.71,227.82664077671598
2016,12,25,866.646,235.6270380994174
2016,9,5,887.271,226.85315557875492
2014,10,31,10.16,243.91108067692585
2014,12,26,230.352,243.44781645593503
2017,5,19,27.888,225.4187313819184
2017,8,18,200.064,226.96191005185028
2016,9,26,747.558,234.08385942948553
2017,7,23,58.32,228.05434023981343
2015,3,5,466.158,226.81638933968225
2014,6,2,8.56,231.4091591104061
2014,12,2,2.394,235.18415491224368
2015,11,28,62.24,239.76905938817163
2014,12,14,136.53,239.31598568408936
2015,6,9,12.96,230.0811641645505
2017,6,3,15.552,220.5387896530965
2015,9,3,6.368,229.9027466795469
2014,1,9,9.344,230.67356389245106
2014,12,6,275.49,236.56143183619224
2014,12,22,216.4,242.07053953198647
2017,11,6,318.96,224.7175771809234
2014,11,24,35.168,242.13001202698888
2016,3,1,362.92,221.7008828529688
2016,11,20,86.97,233.2762759775096
2016,5,22,345.0,230.18991863764495
2016,5,31,7.152,233.2887917165299
2014,5,30,13.62,240.42093161107368
2014,3,1,457.568,229.1773419784995
2017,11,5,101.4,224.37325794993558
2017,9,9,56.45,224.4922029399395
2014,8,29,505.176,241.96411028100465
2017,9,19,89.584,227.93539524981043
2015,12,1,1913.4,231.10160611849096
2017,8,27,879.984,230.06078313073522
2017,6,26,15.92,228.45813196580093
2014,9,14,16.99,237.42848778317057
2015,11,22,2.946,237.70314400224834
2017,12,28,33.264,232.92176622961415
2014,11,16,29.12,239.37545817909177
2014,11,25,1218.735,242.4743312579758
2017,3,2,107.648,218.3069725211908
2015,12,11,69.576,234.5447984283628
